<?xml version="1.0" encoding="UTF-8"?>
<project-private xmlns="http://www.netbeans.org/ns/project-private/1">
    <editor-bookmarks xmlns="http://www.netbeans.org/ns/editor-bookmarks/2" lastBookmarkId="0"/>
    <open-files xmlns="http://www.netbeans.org/ns/projectui-open-files/2">
        <group>
            <file>file:/C:/wamp64/www/Kldt76/application/views/employees/list.php</file>
            <file>file:/C:/wamp64/www/Kldt76/application/controllers/Employees.php</file>
            <file>file:/C:/wamp64/www/Kldt76/application/config/database.php</file>
            <file>file:/C:/wamp64/www/Kldt76/application/models/Employees_model.php</file>
            <file>file:/C:/wamp64/www/Kldt76/application/config/config.php</file>
            <file>file:/C:/wamp64/www/Kldt76/index.php</file>
            <file>file:/C:/wamp64/www/Kldt76/application/create.sql</file>
            <file>file:/C:/wamp64/www/Kldt76/application/views/welcome_message.php</file>
            <file>file:/C:/wamp64/www/Kldt76/.htaccess</file>
            <file>file:/C:/wamp64/www/Kldt76/application/controllers/index.html</file>
            <file>file:/C:/wamp64/www/Kldt76/application/controllers/Welcome.php</file>
        </group>
    </open-files>
</project-private>
